<?xml version="1.0" encoding="UTF-8" ?>
<!DOCTYPE mapper PUBLIC "-//mybatis.org//DTD Mapper 3.0//EN" "http://mybatis.org/dtd/mybatis-3-mapper.dtd" >
<mapper namespace="net.htjs.pt4.qx.dao.DmSjzdMapper">


    <!-- 加载代码表 -->
    <select id="selectListByParam" resultType="hashMap" parameterType="map">
     select
        ID,
        SJ_ID,
        LBID,
        BM,
        MC,
        MC_PYT,
        YWMC,
        ISDATA,
        BZ1,
        BZ2,
        BZ3,
        BZ4,
        BZ5,
        JBDM,
        JBYXWS,
        DSPORDER,
        YXBZ,
        ACCOUNTID
        from PT_DM_SJZD t
        <trim prefix="where" prefixOverrides="and |or">
            <if test="LBID != null">
                LBID = #{LBID}
            </if>
            <if test="BM != null">
                and BM = #{BM}
            </if>
            <if test="YXBZ != null">
                and YXBZ = #{YXBZ}
            </if>
        </trim>

    </select>

</mapper>