<?xml version="1.0" encoding="UTF-8" ?>
<!DOCTYPE mapper PUBLIC "-//mybatis.org//DTD Mapper 3.0//EN" "http://mybatis.org/dtd/mybatis-3-mapper.dtd" >
<mapper namespace="net.htjs.pt4.qx.dao.PtAccountCsbMapper">


    <!-- 加载代码表 -->
    <select id="selectListByParam" resultType="hashMap" parameterType="map">
        select *
        from PT_ACCOUNT_CSB t
        <trim prefix="where" prefixOverrides="and |or">
            <if test="ACCID != null">
                ACCOUNTID = #{ACCID}
            </if>
            <if test="CSBH != null">
                and CSBH = #{CSBH}
            </if>
        </trim>

    </select>
    <select id="selectByPrimaryKey" resultType="hashMap" parameterType="map">
        select *
          from PT_ACCOUNT_CSB t
         where accountid = #{ACCID}
           and csbh = #{CSBH}
    </select>


    <select id="count_PT_ACCOUNT_CSB" parameterType="map" resultType="int">
        select count(1)
          from PT_ACCOUNT_CSB
         where ACCOUNTID=#{ACCOUNTID}
           and CSBH=#{CSBH}
    </select>
    <select id="selectByAccyCsbh" parameterType="map" resultType="hashMap">
        select *
        from PT_ACCOUNT_CSB
        where ACCOUNTID=#{ACCOUNTID}
        and CSBH=#{CSBH}
    </select>
    <insert id="insertSelective" parameterType="map">
        insert into PT_ACCOUNT_CSB(ACCOUNTID, CSBH, CSZ)
             values(#{ACCOUNTID}, #{CSBH}, #{CSZ})
    </insert>
    <update id="updateByPrimaryKeySelective" parameterType="map">
        update PT_ACCOUNT_CSB
           set CSZ=#{CSZ}
         where ACCOUNTID=#{ACCOUNTID}
           and CSBH=#{CSBH}
    </update>

</mapper>