<?xml version="1.0" encoding="UTF-8" ?>
<!DOCTYPE mapper PUBLIC "-//mybatis.org//DTD Mapper 3.0//EN" "http://mybatis.org/dtd/mybatis-3-mapper.dtd" >
<mapper namespace="net.htjs.pt4.qx.dao.PtAccountMkxkMapper">
    
    <delete id="deleteByPrimaryKey">
        delete from PT_ACCOUNT_MKXK where MKXKID=#{MKXKID}
    </delete>
    <select id="select_ACC_QXXK_TREE" parameterType="map" resultType="hashMap">
        select *
          FROM  PT_QX_GNMK_QXXK A
         WHERE NOT EXISTS( SELECT 0 FROM PT_ACCOUNT_NOPERMIT WHERE ACCOUNTID = #{ACCID} AND MKXKID = A.MKXKID )
           AND XMFL_DM != '99'
           AND XYBZ = 'Y'
         ORDER BY SJ_MKXKID ASC, SHOW_ORDER ASC;
    </select>

    <select id="selectPT_ACC_QXXK" parameterType="map" resultType="hashMap">
        select MKXKID from PT_ACCOUNT_MKXK
         where ACCOUNTID=#{ACCID}
    </select>

    <delete id="deleteByAccountid">
        delete from PT_ACCOUNT_MKXK where Accountid=#{ACCOUNTID}
    </delete>
    <insert id="insertSelective" parameterType="map">
        INSERT INTO PT_ACCOUNT_MKXK( ACCOUNTID, MKXKID )
         VALUES( #{ACCOUNTID}, #{MKXKID} )
    </insert>
</mapper>