<?xml version="1.0" encoding="UTF-8" ?>
<!DOCTYPE mapper PUBLIC "-//mybatis.org//DTD Mapper 3.0//EN" "http://mybatis.org/dtd/mybatis-3-mapper.dtd" >
<mapper namespace="net.htjs.pt4.qx.dao.PtDmZzjgMapper">

    <select id="selectByPrimaryKey" parameterType="string" resultType="hashMap">
        select * from pt_dm_zzjg where zzjg_dm=#{ZZJG_DM}
    </select>
    <select id="selectPT_DM_ZZJG" parameterType="map" resultType="hashMap">
        select a.*,
        (select count(1) from PT_DM_ZZJG where SJ_ZZJG_DM=a.ZZJG_DM) isParent
        from PT_DM_ZZJG a
        where accountid=#{ACCOUNTID}
        <if test="ZZJG_DM != null">
            AND ZZJG_DM=#{ZZJG_DM}
        </if>
        <if test="ZZJG_ALL != null">
            AND jbdm like CONCAT(#{ZZJG_ALL} ,'%')
        </if>
        <if test="SJ_ZZJG_DM != null">
            AND SJ_ZZJG_DM=#{SJ_ZZJG_DM}
        </if>
        <if test="ISDELETE != null">
            AND ISDELETE=#{ISDELETE}
        </if>
        order by SJ_ZZJG_DM,DSPORDER
    </select>

    <!-- 带数据权限功能的组织机构查询 ,TODO 函数改造 -->
    <select id="selectPT_DM_ZZJG_SJQX" parameterType="map" resultType="hashMap">
        select a.*,
        (select decode(count(1),0,'false','true') from PT_DM_ZZJG where SJ_ZZJG_DM=a.ZZJG_DM) isParent,
        PT_PUB.F_GET_HZ_PYT(ZZJG_MC) ZZJG_MC_PYT
        from PT_DM_ZZJG a
        <where>
            <if test="ZZJG_DM != null">
                ZZJG_DM=#{ZZJG_DM}
            </if>
            <if test="ACCOUNTID != null">
                and ACCOUNTID=#{ACCOUNTID}
            </if>
            <if test="SJ_ZZJG_DM != null">
                and SJ_ZZJG_DM=#{SJ_ZZJG_DM}
            </if>
            <if test="ISDELETE != null">
                and ISDELETE=#{ISDELETE}
            </if>
            <if test="ZZJGLX_DM != null">
                and ZZJGLX_DM=#{ZZJGLX_DM}
            </if>
            <if test="xtqxgz != null">
                and  <![CDATA[
							$xtqxgz$
						]]>
            </if>
            <if test="xtqxgz != null">
                and a.ZZJG_DM=#{LOG_ZZJG_DM}
            </if>
        </where>
        order by SJ_ZZJG_DM,DSPORDER
    </select>

    <!-- 地市网站机构管理-->
    <select id="selectPT_ZZJG_BYZZJGDM" parameterType="map" resultType="hashMap">
        select
        ZZJG_DM,
        SJ_ZZJG_DM,
        ZZJG_MC,
        OBJNO,
        DSPORDER,
        ISDELETE,
        ZZJGLX_DM,
        ZZJGLX_MC,
        ISSHOW,
        BZ,
        ACCOUNTID
        from PT_DM_ZZJG where ZZJG_DM=#{ZZJG_DM}
    </select>

    <select id="selectSJ_ZZJG_MC" parameterType="String" resultType="String">
        select ZZJG_MC from PT_DM_ZZJG where ZZJG_DM=#{SJ_ZZJG_DM} or JBDM=#{SJ_ZZJG_DM}
    </select>

    <!--修改 -->
    <update id="updatePT_DM_ZZJG_WZ" parameterType="java.util.Map">
        update PT_DM_ZZJG set ISDELETE=#{ISDELETE} where ZZJG_DM=#{ZZJG_DM}
    </update>

    <select id="selectCount_ZZJG" parameterType="java.lang.String" resultType="int">
        select count(*) from PT_DM_ZZJG where SJ_ZZJG_DM=#{SJZZJGDM}
    </select>

    <select id="selectJBDM_SJZZJG" parameterType="java.lang.String" resultType="java.lang.String">
        select MAX(JBDM) from PT_DM_ZZJG where SJ_ZZJG_DM=#{SJZZJGDM}
    </select>

    <select id="selectJBDM_ZZJG" parameterType="java.lang.String" resultType="java.lang.String">
        select JBDM from PT_DM_ZZJG where ZZJG_DM=#{SJZZJGDM}
    </select>

    <select id="selectSJGLGWDM" parameterType="java.lang.String" resultType="int">
        select GWJB+1 from PT_QX_GW where GW_DM=#{SJGLGWDM}
    </select>

    <insert id="insertZZJG" parameterType="map">
        insert into PT_DM_ZZJG(ZZJG_DM,SJ_ZZJG_DM,ZZJG_MC,OBJNO,DSPORDER,ISDELETE,ZZJGLX_DM,ZZJGLX_MC,
        ZZFZGW_DM,SJGLGW_DM,YXWS,JBDM,JCDM,ISSHOW,ZZJG_YB,SS_XZQH_DM,BZ,ACCOUNTID)
        values
        (#{iZZJGDM},#{iSJZZJGDM},#{iZZJGMC},#{iOBJNO},#{iDSPORDER},0,#{iZZJGLX_DM},#{iZZJGLX_MC},#{iZZJGDM},
        #{iSJGLGWDM},length(#{n_jbdm}),#{n_jbdm},#{JCDM},#{iISSHOW},#{iZZJG_YB},#{iSS_XZQH_DM},#{iBZ},#{intaccid})
    </insert>

    <insert id="insertGW" parameterType="map">
        insert into PT_QX_GW(GW_DM,GW_MC,GW_JC,ZZJG_DM,SJ_GW_DM,SJ_GLGW_DM,GWLB,DSPORDER,ISDELETE,BZ,GWJB,
        ACCOUNTID)values(#{iZZJGDM},#{iZZFZGWMC},#{iZZFZGWMC},#{iZZJGDM},#{iSJGLGWDM},
        concat(#{GWDM},#{iZZJGDM}),1,1,0,'新建组织时创建的组织负责岗',#{n_gwjb},#{intaccid})
    </insert>

    <select id="selectGW" parameterType="java.lang.String" resultType="hashMap">
        select SJ_GW_DM from PT_QX_GW where GW_DM=#{SJGLGWDM}
    </select>

    <update id="updatePT_DM_ZZJG" parameterType="map">
        update PT_DM_ZZJG set ZZJG_MC=#{iZZJGMC},OBJNO=#{iOBJNO},DSPORDER=to_number(#{iDSPORDER}),ISDELETE=to_number
        (#{iISDELETE}),ZZJGLX_DM=#{iZZJGLX_DM},ZZJGLX_MC=#{iZZJGLX_MC},ZZFZGW_DM=#{iZZFZGWDM},SJGLGW_DM=#{iSJGLGWDM},
        ISSHOW=#{iISSHOW},ZZJG_YB=#{iZZJG_YB},SS_XZQH_DM=#{iSS_XZQH_DM},BZ=#{iBZ}
        where ZZJG_DM=#{iZZJGDM}
    </update>

    <select id="" parameterType="map" resultType="java.lang.String">
        select JBDM from PT_DM_ZZJG where ZZJG_DM=#{iZZJGDM}
    </select>

    <update id="updateSJZZJG" parameterType="map">
        update PT_DM_ZZJG set SJ_ZZJG_DM=#{iSJZZJGDM},ZZJG_MC=#{iZZJGMC},OBJNO=#{iOBJNO},DSPORDER=
        #{iDSPORDER},ISDELETE=#{iISDELETE},ZZJGLX_DM=#{iZZJGLX_DM},ZZJGLX_MC=#{iZZJGLX_MC},ZZFZGW_DM=#{iZZFZGWDM},
        SJGLGW_DM=#{iSJGLGWDM},YXWS=length(#{n_jbdm}),JBDM=#{n_jbdm},JCDM=#{JCDM},ISSHOW=#{iISSHOW},ZZJG_YB=#{iZZJG_YB},
        SS_XZQH_DM=#{iSS_XZQH_DM},BZ=#{iBZ} where ZZJG_DM=#{iZZJGDM}
    </update>

    <update id="updateJBDM" parameterType="map">
        update PT_DM_ZZJG set JBDM= replace(JBDM,#{jbdm_old},#{n_jbdm}),YXWS=length(#{n_jbdm})+4 where JBDM like
        concat(#{jbdm_old},'%') and JBDM!=#{jbdm_old}
    </update>
</mapper>