<?xml version="1.0" encoding="UTF-8" ?>
<!DOCTYPE mapper PUBLIC "-//mybatis.org//DTD Mapper 3.0//EN" "http://mybatis.org/dtd/mybatis-3-mapper.dtd" >
<mapper namespace="net.htjs.pt4.qx.dao.PtQxUserGwMapper">
    <resultMap id="BaseResultMap" type="net.htjs.pt4.qx.model.PtQxUserGwKey">
        <id column="USERID" property="userid" jdbcType="VARCHAR"/>
        <id column="GW_DM" property="gwDm" jdbcType="VARCHAR"/>
    </resultMap>

    <!-- 根据用户ID删除用户的所有岗位关联关系  hzq-->
    <delete id="deletePT_QX_USER_GW" parameterType="java.util.Map">
        delete from PT_QX_USER_GW where USERID=#{USERID,jdbcType=VARCHAR}
    </delete>


    <insert id="insertPT_QX_USER_GW" parameterType="java.util.Map">
        insert into PT_QX_USER_GW(GW_DM,USERID) values (#{GW_DM}, #{USERID})
    </insert>
</mapper>