<?xml version="1.0" encoding="UTF-8" ?>
<!DOCTYPE mapper PUBLIC "-//mybatis.org//DTD Mapper 3.0//EN" "http://mybatis.org/dtd/mybatis-3-mapper.dtd" >
<mapper namespace="net.htjs.pt4.qx.dao.PtQxXtjsMapper">
    <resultMap id="BaseResultMap" type="net.htjs.pt4.qx.model.PtQxXtjs">
        <id column="XTJS_DM" property="xtjsDm" jdbcType="VARCHAR"/>
        <result column="XTJS_MC" property="xtjsMc" jdbcType="VARCHAR"/>
        <result column="SS_ZZJG_DM" property="ssZzjgDm" jdbcType="VARCHAR"/>
        <result column="SFGXJS" property="sfgxjs" jdbcType="CHAR"/>
        <result column="SJ_XTJS_DM" property="sjXtjsDm" jdbcType="VARCHAR"/>
        <result column="DSPORDER" property="dsporder" jdbcType="DECIMAL"/>
        <result column="YXBZ" property="yxbz" jdbcType="CHAR"/>
        <result column="JSJB" property="jsjb" jdbcType="DECIMAL"/>
        <result column="BZ" property="bz" jdbcType="VARCHAR"/>
        <result column="LRR_DM" property="lrrDm" jdbcType="VARCHAR"/>
        <result column="LRR_MC" property="lrrMc" jdbcType="VARCHAR"/>
        <result column="LRRQ" property="lrrq" jdbcType="DATE"/>
        <result column="XGR_DM" property="xgrDm" jdbcType="VARCHAR"/>
        <result column="XGR_MC" property="xgrMc" jdbcType="VARCHAR"/>
        <result column="XGRQ" property="xgrq" jdbcType="DATE"/>
        <result column="ACCOUNTID" property="accountid" jdbcType="DECIMAL"/>
    </resultMap>


    <!--角色查询 hzq  TODO 需要修改分页，函数等-->
    <select id="selectPT_QX_XTJS" parameterType="map" resultType="hashMap">

        select
        XTJS_DM,XTJS_MC,
        SS_ZZJG_DM,SJ_XTJS_DM,
        SFGXJS,DSPORDER,
        YXBZ,JSJB,BZ,
        LRR_DM,LRR_MC,LRRQ,
        XGR_DM,XGR_MC,XGRQ
        from PT_QX_XTJS a
        <where>
            <if test="SS_ZZJG_DM!=null">
                and PT_PUB.F(SS_ZZJG_DM) like concat(select JBDM from PT_DM_ZZJG where ZZJG_DM=#{SS_ZZJG_DM}),'%')
            </if>
            <if test="XTJS_DM!=null">
                and XTJS_DM=#{XTJS_DM}
            </if>
            <if test="SJ_XTJS_DM!=null">
                and SJ_XTJS_DM=#{SJ_XTJS_DM}
            </if>
            <if test="YXBZ!=null">
                and YXBZ=#{YXBZ}
            </if>
            <if test="ACCOUNTID!=null">
                and ACCOUNTID=#{ACCOUNTID}
            </if>
            <if test="FJSQBZ!=null">
                <if test="FJSQBZ==1">
                    AND (LRR_DM=#{LOG_CZRY_DM} or exists(select 0 from PT_QX_USER_XTJS where USERID=#{LOG_USERID} and
                    XTJS_DM=a.XTJS_DM ))
                </if>
            </if>
        </where>
        order by JSJB,DSPORDER

    </select>


    <insert id="insertQX_XTJS_QXXK_BY_ONE" parameterType="map">
        insert into PT_QX_XTJS_QXXK(XTJS_DM,MKXKID) values (#{XTJS_DM},#{MKXKID})
    </insert>

    <select id="selectMaxXTJS_DM" resultType="java.lang.String">
        SELECT max(xtjs_dm) from pt_qx_xtjs
    </select>

    <select id="getJSJB" parameterType="java.lang.String" resultType="int">
        select JSJB+1 from PT_QX_XTJS where XTJS_DM=#{SJ_XTJS_DM}
    </select>

    <insert id="insertQX_XTJS" parameterType="map">
        insert into
        PT_QX_XTJS(XTJS_DM,XTJS_MC,SS_ZZJG_DM,SFGXJS,SJ_XTJS_DM,DSPORDER,JSJB,BZ,LRR_DM,LRR_MC,LRRQ,ACCOUNTID)
        values (
        #{xtjs_dm},#{XTJS_MC},#{SS_ZZJG_DM},#{SFGXJS},#{SJ_XTJS_DM},#{DSPORDER},
        #{jsjb},#{BZ},#{LRR_DM},#{LRR_MC},now(),#{ACCID})
    </insert>

    <update id="updateQX_XTJS" parameterType="map">
        update PT_QX_XTJS set XTJS_MC=#{XTJS_MC}, SFGXJS=#{SFGXJS},DSPORDER=#{DSPORDER},YXBZ=#{YXBZ},BZ=#{BZ},
        XGR_DM=#{XGR_DM},XGR_MC=#{XGR_MC},XGRQ=now() where XTJS_DM=#{XTJS_DM}
    </update>


    <select id="selectPT_XTJS_QX" parameterType="map" resultType="hashMap">
        select d.*
        from PT_QX_USER_QXXK a,PT_QX_GNMK_QXXK d,PT_QX_USER c
        where a.USERID=#{LRR_DM} and a.MKXKID=d.MKXKID and d.XYBZ='Y' and a.USERID=c.USERID and c.ISDELETE=0
        and exists(select 0 from PT_ACCOUNT_MKXK where ACCOUNTID=c.ACCOUNTID and MKXKID=a.MKXKID)
        and not exists(select 0 from PT_ACCOUNT_NOPERMIT where ACCOUNTID=c.ACCOUNTID and MKXKID=a.MKXKID)
        order by d.SJ_MKXKID,d.SHOW_ORDER
    </select>


    <!-- 查询某一XTJS关联的QXXK -->
    <select id="selectQX_XTJS_QXXK" parameterType="map" resultType="hashMap">
        select MKXKID, XTJS_DM from PT_QX_XTJS_QXXK
        <where>
            <if test="XTJS_DM!=null">
                XTJS_DM=#{XTJS_DM}
            </if>
        </where>
    </select>

    <delete id="deleteQX_XTJS" parameterType="map">
        delete from PT_QX_XTJS_QXXK where XTJS_DM=#{XTJS_DM};
        delete from PT_QX_USER_XTJS where XTJS_DM=#{XTJS_DM};
        delete from PT_QX_GW_XTJS where XTJS_DM=#{XTJS_DM};
        delete from PT_QX_XTJS where XTJS_DM=#{XTJS_DM};
    </delete>

    <select id="selectQxyhCount" parameterType="java.lang.String" resultType="int">
        select count(1) from PT_QX_USER_XTJS a,PT_QX_USER b
        where a.XTJS_DM=#{XTJS_DM} and a.USERID=b.USERID and b.ISDELETE=0
    </select>

    <!-- 查询某一QXXK关联的XTJS TODO 需要改造PT_TJBB_JSYH函数-->
    <select id="selectQX_XTJS_QXXK_FORXTJS" parameterType="map" resultType="hashMap">
        select j.MKXKID,a.*,#{jsCount} as YHSL from PT_QX_XTJS_QXXK j,PT_QX_XTJS a
        where j.XTJS_DM=a.XTJS_DM
        <if test="MKXKID!=null">
            and MKXKID=#{MKXKID}
        </if>
        <if test="ACCOUNTID!=null">
            and a.ACCOUNTID=#{ACCOUNTID}
        </if>
        order by a.XTJS_DM
    </select>

    <!-- 查询没有关联QXXK的XTJS TODO 改造函数 -->
    <select id="selectQX_XTJS_NO_QXXK" parameterType="map" resultType="hashMap">
        select
        a.XTJS_DM,
        a.XTJS_MC,
        a.SS_ZZJG_DM,
        select ZZJG_MC from PT_DM_ZZJG where ZZJG_DM=#{ZZJG_DM} or JBDM=#{ZZJG_DM} SS_ZZJG_MC,
        a.SFGXJS,
        a.SJ_XTJS_DM,
        a.DSPORDER,
        a.YXBZ,
        a.JSJB,
        a.BZ,
        a.LRR_DM,
        a.LRR_MC,
        a.LRRQ,
        a.XGR_DM,
        a.XGR_MC,
        a.XGRQ,
        a.ACCOUNTID
        from PT_QX_XTJS a
        where not exists(select 1 from PT_QX_XTJS_QXXK b where a.XTJS_DM=b.XTJS_DM and MKXKID=#{MKXKID})
        <if test="ACCOUNTID!=null">
            and ACCOUNTID=#{ACCOUNTID}
        </if>
        order by XTJS_DM
    </select>

    <delete id="deleteQX_XTJS_QXXK" parameterType="map">
        delete from PT_QX_XTJS_QXXK where MKXKID=#{MKXKID}
        <if test="XTJS_DM!=null">
            and XTJS_DM=#{XTJS_DM}
        </if>
    </delete>

    <!-- JSP标签中根据表名和代码转换字段名称 -->
    <select id="selectPT_DM_CZRY_NAMEBYID" parameterType="map" resultType="hashMap">
        SELECT * FROM PT_DM_CZRY
        <where>
            <if test="CZRY_DM!=null and CZRY_DM!=''">
                and CZRY_DM=#{CZRY_DM}
            </if>
            <if test="SJHM!=null and SJHM!=''">
                and SJHM=#{SJHM}
            </if>
        </where>
        limit 1
    </select>

    <delete id="deleteQX_XTJS_for_insert" parameterType="java.lang.String">
        delete from PT_QX_XTJS_QXXK where XTJS_DM=#{XTJS_DM}
    </delete>

    <insert id="insertQX_XTJS_QXXK" parameterType="java.util.Map">
        insert into PT_QX_XTJS_QXXK(MKXKID, XTJS_DM) values
        <foreach collection="MKXKID" item="item" index="index" separator=",">
            (#{item},#{XTJS_DM})
        </foreach>
    </insert>

    <select id="selectPT_USER_ALL_XTJS" parameterType="map" resultType="hashMap">
        select XTJS_DM,XTJS_MC,'0' SFGXJS,BZ from PT_QX_XTJS a
        where exists(select 0 from PT_QX_USER b where USERID=#{USERID} and b.ACCOUNTID=a.ACCOUNTID)
        and YXBZ='Y' order by a.DSPORDER
    </select>

    <select id="selectPT_QX_USER_XTJS" parameterType="map" resultType="hashMap">
        select a.USERID,a.XTJS_DM,b.XTJS_MC from PT_QX_USER_XTJS a
        left join PT_QX_XTJS b on a.XTJS_DM =b.XTJS_DM
        <where>
            <if test="USERID!=null and USERID!=''">
                and a.USERID=#{USERID}
            </if>
            <if test="XTJS_DM!=null and XTJS_DM!=''">
                and a.XTJS_DM=#{XTJS_DM}
            </if>
        </where>
    </select>

    <select id="selectPT_ACC_CSH" parameterType="map" resultType="hashMap">
        select * from PT_ACCOUNT_CSB
        <where>
            <if test="ACCID!=null and ACCID!=''">and ACCOUNTID=#{ACCID}</if>
            <if test="CSBH!=null and CSBH!=''">and CSBH =#{CSBH}</if>
        </where>
    </select>


    <!-- 用户授予角色权限 -->
    <delete id="deleteUserXtjsByUserId" parameterType="java.lang.String">
        delete from PT_QX_USER_XTJS where USERID=#{USERID}
    </delete>

    <insert id="insertQX_USER_XTJS" parameterType="java.util.Map">
        insert into PT_QX_USER_XTJS(USERID,XTJS_DM) values
        <foreach collection="XTJS_DM" item="item" index="index" separator=",">
            (#{USERID},#{item})
        </foreach>
    </insert>

    <delete id="deleteUSER_QXXK_SJQX" parameterType="map">
        delete from PT_QX_USER_QXXK_SJQX where USERID=#{USERID} and MKXKID=#{MKXKID}
    </delete>

    <insert id="insertUSER_QXXK_SJQX" parameterType="map">
        insert into PT_QX_USER_QXXK_SJQX values
        <foreach collection="XTJS_DM" item="item" index="index" separator=",">
            (#{USERID},#{MKXKID},1,#{item},null)
        </foreach>
    </insert>

</mapper>