<?xml version="1.0" encoding="UTF-8" ?>
<!DOCTYPE mapper PUBLIC "-//mybatis.org//DTD Mapper 3.0//EN" "http://mybatis.org/dtd/mybatis-3-mapper.dtd" >
<mapper namespace="net.htjs.pt4.qx.dao.QxGnmkQxxkMapper">

    <insert id="insertSelective" parameterType="map">
        insert into PT_QX_GNMK_QXXK(MKXKID, MKXK_MC, SJ_MKXKID, MKXK_URL,JDFL_DM, ISSHOW, SHOW_ORDER, BZ,XYBZ,XMFL_DM,SSY)
        values (#{MKXKID},#{MKXK_MC}, #{SJ_MKXKID},#{MKXK_URL},#{JDFL_DM},#{ISSHOW},#{SHOW_ORDER},#{BZ},#{XYBZ},#{XMFL_DM},#{SSY})
    </insert>


    <update id="updateByPrimaryKeySelective" parameterType="map">
        update PT_QX_GNMK_QXXK set
            MKXK_MC=#{MKXK_MC},
            MKXK_URL=#{MKXK_URL},
            JDFL_DM=#{JDFL_DM},
            ISSHOW=#{ISSHOW},
            SHOW_ORDER=#{SHOW_ORDER},
            BZ=#{BZ},
            XYBZ=#{XYBZ},
            XMFL_DM=#{XMFL_DM},
            SSY=#{SSY}
        where MKXKID=#{MKXKID}
    </update>

    <delete id="deleteByPrimaryKey" parameterType="map">
        delete from PT_QX_GNMK_QXXK where MKXKID=#{MKXKID}
    </delete>


    <delete id="deleteByPrimaryKey2" parameterType="map">
        delete from PT_QX_GW_QXXK_SJQX where MKXKID=#{MKXKID};
        delete from PT_QX_USER_QXXK_SJQX where MKXKID=#{MKXKID};
        delete from PT_QX_USER_HOMEPAGE where MKXKID=#{MKXKID};
        delete from PT_QX_GNMK_QXXK_SJQXL where MKXKID=#{MKXKID};
        delete from PT_QX_XTJS_QXXK where MKXKID=#{MKXKID};
        delete from PT_QX_USER_QXXK where MKXKID=#{MKXKID};
        delete from PT_WZ_LMXX where LM_ID=#{MKXKID};
        delete from PT_ACCOUNT_MKXK where MKXKID=#{MKXKID};
        delete from PT_ACCOUNT_NOPERMIT where MKXKID=#{MKXKID};
        delete from PT_QX_QYJS_QXXK where MKXKID=#{MKXKID};
        delete from PT_QX_GNMK_QXXK where MKXKID=#{MKXKID};
    </delete>

    <select id="selectQX_GNMK_QXXK_TREE" resultType="hashMap" parameterType="map">
       select d.*,(select count(1) from PT_QX_GNMK_QXXK where SJ_MKXKID=d.MKXKID) ISPARENT
         from PT_QX_GNMK_QXXK d
        <trim prefix="where" prefixOverrides="and |or">
            <if test="MKXKID != null">
                and MKXKID = #{MKXKID}
            </if>
            <if test="SJ_MKXKID != null">
                and SJ_MKXKID = #{SJ_MKXKID}
            </if>
            <if test="XYBZ != null">
                and XYBZ = #{XYBZ}
            </if>
        </trim>
        order by  d.SJ_MKXKID,d.SHOW_ORDER
    </select>
    <select id="selectByPrimaryKey" resultType="hashMap" parameterType="map">
        select MKXKID,SJ_MKXKID,MKXK_MC,JDFL_DM,MKXK_URL,ISSHOW,SHOW_ORDER, BZ,XYBZ,
               (select mkxk_mc from PT_QX_GNMK_QXXK b where b.mkxkid = a.sj_mkxkid) SJ_MKMC,
               XMFL_DM,SSY
        from PT_QX_GNMK_QXXK a
        where mkxkid = #{record.MKXKID,jdbcType=VARCHAR}
    </select>
    <select id="selectQX_GNMK_QXXK_MAX_MKXKID" parameterType="map" resultType="string">
        SELECT MAX(MKXKID)+1 MKXKID FROM PT_QX_GNMK_QXXK
    </select>
    <select id="selectQX_GNMK_QXXK_TREE_COUNT" parameterType="map" resultType="int">
        select count(1) from PT_QX_GNMK_QXXK where MKXKID>0 and SJ_MKXKID=#{CID}
    </select>

    <select id="selectQX_GNMK_QXXK_WITH_CHILDREN" resultType="hashMap" parameterType="map">
        select MKXKID,SJ_MKXKID,MKXK_MC,JDFL_DM,MKXK_URL,ISSHOW,SHOW_ORDER, BZ,XYBZ,
               (select mkxk_mc from PT_QX_GNMK_QXXK b where b.mkxkid = a.sj_mkxkid) SJ_MKMC,
               XMFL_DM,SSY
        from PT_QX_GNMK_QXXK a
        where sj_mkxkid = #{record.MKXKID,jdbcType=VARCHAR}
    </select>
</mapper>