<?xml version="1.0" encoding="UTF-8" ?>
<!DOCTYPE mapper PUBLIC "-//mybatis.org//DTD Mapper 3.0//EN" "http://mybatis.org/dtd/mybatis-3-mapper.dtd" >
<mapper namespace="net.htjs.pt4.qx.dao.QxUserQxxkMapper">

    <select id="selectRolesByUserId" resultType="hashMap" parameterType="java.lang.Long">
        SELECT r.* FROM role r LEFT JOIN user_role ur ON r.id = ur.role_id
        WHERE ur.user_id = #{id,jdbcType=BIGINT}
    </select>
    <delete id="deleteByPrimaryKey">
        delete from PT_QX_USER_QXXK where MKXKID=#{MKXKID}
    </delete>
    <delete id="deleteByUserid" parameterType="string">
        delete from PT_QX_USER_QXXK where userid=#{userid}
    </delete>
    <insert id="insertByAccountSq" parameterType="map">
        INSERT INTO PT_QX_USER_QXXK
      SELECT DISTINCT
         ${USERID}, D.MKXKID
         FROM PT_QX_GNMK_QXXK D
         WHERE D.MKXKID > 0
           AND D.XYBZ = 'Y'
           AND D.XMFL_DM != '99'
           AND D.MKXKID NOT IN ( SELECT MKXKID FROM PT_ACCOUNT_NOPERMIT WHERE ACCOUNTID = #{ACCOUNTID} )
           and (D.MKXKID in ( SELECT MKXKID FROM PT_ACCOUNT_MKXK WHERE ACCOUNTID = #{ACCOUNTID} )
                or D.MKXKID=99
               )
    </insert>
</mapper>