<?xml version="1.0" encoding="UTF-8" ?>
<!DOCTYPE mapper PUBLIC "-//mybatis.org//DTD Mapper 3.0//EN" "http://mybatis.org/dtd/mybatis-3-mapper.dtd" >
<mapper namespace="net.htjs.pt4.qx.dao.QxUserMapper">
    <resultMap id="BaseUserMap" type="net.htjs.pt4.qx.model.User">
        <id column="id" property="id" jdbcType="BIGINT"/>
        <result column="username" property="username" jdbcType="VARCHAR"/>
        <result column="password" property="password" jdbcType="CHAR"/>
        <result column="state" property="state" jdbcType="VARCHAR"/>
        <result column="create_time" property="createTime" jdbcType="TIMESTAMP"/>
    </resultMap>

    <!-- 用户登录验证查询 -->
    <select id="authentication" resultMap="BaseUserMap" parameterType="map">
        select
        userid as id, username, password, isclosed + isdelete as state
        from pt_qx_user
        where username = #{record.username,jdbcType=VARCHAR}
    </select>

    <!-- 分页条件查询 -->
    <select id="selectByUsername" resultType="hashMap" parameterType="map">
        SELECT B.USERNAME,A.CZRY_DM,A.WORKSTATUS,A.HRSTATUS,A.ISDELETE,B.ISCLOSED,B.USERID,B.PASSWORD LOGONPASS,
        (select ISDELETE from PT_DM_ZZJG where ZZJG_DM=A.ZZJG_DM) ZZJG_YXBZ,
        A.ZZJG_DM,
        (select SS_XZQH_DM from PT_DM_ZZJG where ZZJG_DM=A.ZZJG_DM) SS_XZQH_DM,A.ACCOUNTID,A.CZRY_MC
        from PT_QX_USER B,PT_DM_CZRY A
        WHERE B.CZRY_DM=A.CZRY_DM
        and b.username = #{record.username,jdbcType=VARCHAR}
    </select>

    <!-- 分页条件查询 -->
    <select id="selectByID" resultType="hashMap" parameterType="string">
        SELECT * from PT_DM_CZRY where CZRY_DM = #{record.CZRY_DM,jdbcType=VARCHAR}
    </select>

    <!-- 分页条件查询 -->
    <select id="selectQxGnmkQxxk" resultType="hashMap" parameterType="map">
        select * from (
        select distinct c.MKXKID, MKXK_MC MKXK_MC, SJ_MKXKID,MKXK_URL, SHOW_ORDER,c.JDFL_DM,c.XMFL_DM,c.SSY
        from PT_QX_USER_QXXK a,PT_QX_GNMK_QXXK c
        where a.MKXKID=c.MKXKID and c.XYBZ='Y'
        and a.userid=#{record.userid,jdbcType=VARCHAR}
        union all
        select distinct c.MKXKID,MKXK_MC,SJ_MKXKID,MKXK_URL,SHOW_ORDER,c.JDFL_DM,c.XMFL_DM,c.SSY
        from PT_QX_USER_XTJS a,PT_QX_XTJS_QXXK b,PT_QX_GNMK_QXXK c
        where a.XTJS_DM=b.XTJS_DM and b.MKXKID=c.MKXKID
        and a.userid=#{record.userid,jdbcType=VARCHAR}
        and c.XYBZ='Y'
        and exists(select 0 from PT_ACCOUNT_MKXK e where e.ACCOUNTID=1 and e.MKXKID=c.MKXKID)
        and not exists(select 0 from PT_ACCOUNT_NOPERMIT where ACCOUNTID=1 and MKXKID=c.MKXKID)
        ) A order by SJ_MKXKID,SHOW_ORDER
    </select>
    <select id="selectByExampleAndPage" resultMap="BaseUserMap" parameterType="map">
        select * from pt_dm_czry
    </select>
    <select id="selectQX_USER_BYZZJG" parameterType="map" resultType="hashMap">
        SELECT A.CZRY_DM,
        A.ZZJG_DM,
        A.CZRY_MC,
        A.RYBH,
        A.XB_DM,
        A.QX_ZZJG_DM,
        A.GW_DM,
        A.QTGW_DM,
        A.RYLB,
        A.ZWMC,
        A.DSPORDER,
        A.SJHM,
        A.BGDH,
        A.HOMETEL,
        A.EMAIL,
        A.BZ,
        A.ISDELETE,
        A.SECLEVEL,
        A.WORKSTATUS,
        A.HRSTATUS,
        A.ACCOUNTID,
        B.USERID,
        B.USERNAME,
        B.ISCLOSED
        FROM PT_QX_USER B,PT_DM_CZRY A
        WHERE B.CZRY_DM=A.CZRY_DM and A.WORKSTATUS=1 and A.ISDELETE=0 and A.HRSTATUS=1
        <if test="ZZJG_DM != null and ZZJG_DM != ''">
            and a.ZZJG_DM=#{ZZJG_DM}
        </if>
        <if test="CZRY_DM != null and CZRY_DM != ''">
            and a.CZRY_DM=#{CZRY_DM}
        </if>
        <if test="CZRY_MC != null and CZRY_MC!=''">
            and a.CZRY_MC LIKE concat(concat('%',#{CZRY_MC}),'%')
        </if>
        <if test="xtqxgz != null and xtqxgz != ''">
            <![CDATA[
						and (${xtqxgz})
                ]]>
        </if>
        <if test="sqlgzvalue != null and sqlgzvalue!=''">
            <![CDATA[
					   a.CZRY_DM in ${sqlgzvalue}
				]]>
        </if>
        ORDER BY USERNAME
    </select>
    <update id="updateQX_USER_PASSWORD" parameterType="map">
        update pt_qx_user
        set password = #{PASSWORD}
        where userid = #{USERID}
    </update>

    <select id="getChineseChar" parameterType="java.lang.String" resultType="java.lang.String">
        select py from pt_dm_hz where hz = #{hz} limit 1
    </select>
    <select id="checkUserName" parameterType="java.lang.String" resultType="int">
        select count(*) from PT_QX_USER where USERNAME=#{userName}
    </select>

    <!--添加新的人员 hzq-->
    <insert id="insertPT_DM_CZRY" parameterType="java.util.Map">
        insert into
        PT_DM_CZRY(CZRY_DM,ZZJG_DM,CZRY_MC,XB_DM,QX_ZZJG_DM,
        GW_DM,QTGW_DM,RYLB,ZWMC,DSPORDER,SJHM,BGDH,
        EMAIL,BZ,ISDELETE,SECLEVEL,WORKSTATUS,HRSTATUS,
        ACCOUNTID)
        values (#{CZRY_DM},#{ZZJG_DM},#{CZRY_MC},#{XB_DM},#{QX_ZZJG_DM},
        #{ZZJG_DM},#{QTGW_DM},
        <choose>
            <when test="RYLB !=null and RYLB != ''">
                #{RYLB,jdbcType=DECIMAL},
            </when>
            <otherwise>
                1,
            </otherwise>
        </choose>
        #{ZWMC},#{DSPORDER},#{SJHM},#{BGDH},
        #{EMAIL},#{BZ},0,#{SECLEVEL},#{WORKSTATUS},#{HRSTATUS},
        #{ACCOUNTID})
    </insert>
    <!--修改人员 hzq -->
    <update id="updatePT_DM_CZRY" parameterType="java.util.Map">
        update PT_DM_CZRY set
        CZRY_MC=#{CZRY_MC},
        ZZJG_DM=#{ZZJG_DM},
        XB_DM=#{XB_DM},
        QX_ZZJG_DM=#{QX_ZZJG_DM},
        GW_DM=#{ZZJG_DM},
        QTGW_DM=#{QTGW_DM},
        RYLB=
        <choose>
            <when test="RYLB !=null and RYLB != ''">
                #{RYLB,jdbcType=DECIMAL},
            </when>
            <otherwise>
                1,
            </otherwise>
        </choose>
        ZWMC=#{ZWMC},
        DSPORDER=#{DSPORDER},
        SJHM=#{SJHM},
        BGDH=#{BGDH},
        EMAIL=#{EMAIL},
        BZ=#{BZ},
        SECLEVEL=#{SECLEVEL},
        WORKSTATUS=#{WORKSTATUS}
        where CZRY_DM =#{CZRY_DM}
        <!-- 		if #WORKSTATUS#=0 then  -->
        <!-- 		  UPDATE QX_USER_MAC SET YXBZ='N' WHERE CZRY_DM=#CZRY_DM#; -->
        <!-- 		end if; -->
    </update>

    <!-- 插入用户  hzq  -->
    <insert id="insertPT_QX_USER" parameterType="java.util.Map">
        insert into PT_QX_USER( USERID, USERNAME, CZRY_DM, PASSWORD, MTYPE,
        ISCLOSED, ISDELETE, KLLX,PWRQQ,PWRQZ,SECLEVEL,ACCOUNTID) values (#{USERID}, #{USERNAME},
        #{CZRY_DM}, #{PASSWORD}, #{MTYPE},
        #{ISCLOSED}, #{ISDELETE}, #{KLLX},now(), date_add(CURDATE(), interval 120 month),
        #{SECLEVEL},#{ACCOUNTID})
    </insert>

    <!-- 添加时重复性校验 -->
    <select id="selectPT_DM_CZRY_FORINSET_CHECK" parameterType="map" resultType="int">
        SELECT count(*) FROM
        PT_DM_CZRY a,PT_QX_USER b
        WHERE a.CZRY_DM=b.CZRY_DM

        <if test="CZRY_DM != null and CZRY_DM != ''">
            and a.CZRY_DM=#{CZRY_DM}
        </if>
        <if test="USERNAME != null and USERNAME != ''">
            and b.USERNAME = #{USERNAME}
        </if>
        <if test="CZRY_MC != null and CZRY_MC != ''">
            and a.CZRY_MC = #{CZRY_MC}
        </if>

    </select>

    <!--  启用和禁用账户   hzq -->
    <update id="updateQX_USER_ISCLOSED" parameterType="map">
        update PT_QX_USER set ISCLOSED=#{ISCLOSED} where USERID=#{USERID}
    </update>

    <!-- 启用或禁用或删除  用户hzq-->
    <delete id="deletePT_DM_CZRY" parameterType="map">
        UPDATE PT_DM_CZRY SET ISDELETE=#{ISDELETE}, WORKSTATUS=#{WORKSTATUS}, HRSTATUS=#{HRSTATUS} WHERE
        CZRY_DM=#{CZRY_DM}
    </delete>

    <delete id="deletePT_DM_USER" parameterType="map">
        UPDATE PT_QX_USER SET ISDELETE=#{ISDELETE}, ISCLOSED=#{ISCLOSED} WHERE CZRY_DM=#{CZRY_DM}
    </delete>


    <!--修改账户设置  -->
    <update id="updateQX_USER_ZHSZ" parameterType="map">
        update PT_QX_USER set PASSWORD=#{PASSWORD},ISCLOSED=#{ISCLOSED} where USERID=#{USERID}
    </update>

    <!-- 用户部门调整 -->
    <update id="updatePT_DM_CZRY__ZZJG_DMBYID" parameterType="map">
        update PT_DM_CZRY set ZZJG_DM=#{ZZJG_DM} where CZRY_DM =#{CZRY_DM}
    </update>

    <select id="getMKXKSL" parameterType="java.lang.String" resultType="Integer">
        select count(*) from pt_qx_user_qxxk where USERID=#{USERID}
    </select>

    <select id="getJSSL" parameterType="java.lang.String" resultType="Integer">
        select count(*) from pt_qx_user_xtjs where USERID=#{USERID}
    </select>

    <select id="getRymcByXtjs" parameterType="map" resultType="map">
        select b.CZRY_DM,b.CZRY_MC,t.XTJS_DM,t.XTJS_MC
        from pt_qx_xtjs t,pt_qx_user_xtjs a,pt_dm_czry b
        where t.XTJS_DM=a.XTJS_DM
        and a.USERID=b.CZRY_DM
        and t.XTJS_MC=#{XTJS_MC}
    </select>

</mapper>