<?xml version="1.0" encoding="UTF-8"?>
<!DOCTYPE mapper PUBLIC "-//mybatis.org//DTD Mapper 3.0//EN" "http://mybatis.org/dtd/mybatis-3-mapper.dtd">
<mapper namespace="net.htjs.pt4.zdh.dmfb.dao.PtZdhDmfbScjlMapper">
    <resultMap id="BaseResultMap" type="net.htjs.pt4.zdh.fzjh.model.PTZDHFzjhFwjdwh">
        <!--
          WARNING - @mbg.generated
        -->
        <id column="ID" jdbcType="INTEGER" property="id"/>
        <result column="NAME" jdbcType="VARCHAR" property="name"/>
        <result column="IP" jdbcType="VARCHAR" property="ip"/>
        <result column="PORT" jdbcType="TIMESTAMP" property="port"/>
        <result column="WEIGHT" jdbcType="VARCHAR" property="weight"/>
        <result column="MAXCONN" jdbcType="VARCHAR" property="maxconn"/>
        <result column="ROLE" jdbcType="VARCHAR" property="role"/>
        <result column="SERVICEGROUP" jdbcType="VARCHAR" property="serviceGroup"/>
        <result column="SERVICEMODE" jdbcType="VARCHAR" property="serviceMode"/>
        <result column="SERVICEPORT" jdbcType="VARCHAR" property="servicePort"/>
        <result column="STATUS" jdbcType="VARCHAR" property="status"/>
        <result column="USERNAME" jdbcType="VARCHAR" property="userName"/>
        <result column="INTIME" jdbcType="VARCHAR" property="inTime"/>
      
    </resultMap>


    <!--分页查询上传记录 -->
    <select id="selectFwjdwhByPage" parameterType="map" resultType="hashMap">
       
    </select>

    <insert id="insertFwjdwh" parameterType="map">
        INSERT INTO pt_zdh_fzjh_yyfwwh(ID,NAME,IP,PORT,WEIGHT,MAXCONN,ROLE,SERVICEGROUP,SERVICEMODE,
        SERVICEPORT,STATUS,USERNAME,INTIME)
        VALUES (#{ID},  #{NAME},  #{IP},  #{PORT}, #{WEIGHT}, #{MAXCONN}, #{ROLE}, #{SERVICEGROUP} ,#{SERVICEMODE},
         #{SERVICEPORT} ,#{STATUS}, #{USERNAME},#{INTIME})
    </insert>

    <delete id="deleteFwjdwh" parameterType="map">
        delete from pt_zdh_dmfb_scjl where ID=#{ID}
    </delete>

    <update id="updateFwjdwh" parameterType="map">
        update pt_zdh_dmfb_scjl set YXBZ='N', ZFR_DM=#{ZFR_DM},ZFSJ=CURRENT_TIMESTAMP
        where ID=#{ID}
    </update>

</mapper>