<?xml version="1.0" encoding="UTF-8"?>
<!DOCTYPE mapper PUBLIC "-//mybatis.org//DTD Mapper 3.0//EN" "http://mybatis.org/dtd/mybatis-3-mapper.dtd">
<mapper namespace="net.htjs.pt4.zdh.dmfb.dao.PtZdhDmfbScjlMapper">
    <resultMap id="BaseResultMap" type="net.htjs.pt4.zdh.dmfb.model.PtZdhDmfbScjl">
        <!--
          WARNING - @mbg.generated
        -->
        <id column="ID" jdbcType="INTEGER" property="id"/>
        <result column="SJBH" jdbcType="VARCHAR" property="sjbh"/>
        <result column="URL" jdbcType="VARCHAR" property="url"/>
        <result column="SCSJ" jdbcType="TIMESTAMP" property="scsj"/>
        <result column="BZ" jdbcType="VARCHAR" property="bz"/>
    </resultMap>


    <!--分页查询上传记录 -->
    <select id="selectScjlByPage" parameterType="map" resultType="hashMap">
        select ID,SJBH,URL,SCSJ,SCR_DM,BZ from pt_zdh_dmfb_scjl where yxbz = 'Y' order by scsj desc
    </select>

    <insert id="insertScjl" parameterType="map">
        INSERT INTO pt_zdh_dmfb_scjl (SJBH,  URL,  SCR_DM,  BZ)
        VALUES (#{SJBH},  #{URL},  #{SCR_DM},  #{BZ})
    </insert>

    <delete id="deleteScjl" parameterType="map">
        delete from pt_zdh_dmfb_scjl where ID=#{ID}
    </delete>

    <update id="updateScjlYxbz" parameterType="map">
        update pt_zdh_dmfb_scjl set YXBZ='N', ZFR_DM=#{ZFR_DM},ZFSJ=CURRENT_TIMESTAMP
        where ID=#{ID}
    </update>

</mapper>